id,title,url,platform,data_type,date_accessed
1,TripAdvisor — Meliá Pattaya Hotel,https://www.tripadvisor.com/Hotel_Review-g293919-d32730129-Reviews-Melia_Pattaya_Hotel-Pattaya_Chonburi_Province.html,TripAdvisor,Rating / review count / rank,2026-05-12
2,Booking.com — Meliá Pattaya Hotel,https://www.booking.com/hotel/th/melia-pattaya.html,Booking.com,Score / review count / pricing,2026-05-12
3,Booking.com Reviews — Meliá Pattaya,https://www.booking.com/reviews/th/hotel/melia-pattaya.html,Booking.com,Guest feedback,2026-05-12
4,Trip.com Reviews — Meliá Pattaya,https://us.trip.com/hotels/pattaya-hotel-detail-125124664/meli-pattaya-hotel/review.html,Trip.com,Score / review count,2026-05-12
5,Official Website — Meliá Pattaya,https://www.melia.com/en/hotels/thailand/pattaya/melia-pattaya,melia.com,Property info / rooms / services,2026-05-12
6,The Level — Official Page,https://www.melia.com/en/hotels/thailand/pattaya/melia-pattaya/the-level,melia.com,The Level features and benefits,2026-05-12
7,Rooms — Official Page,https://www.melia.com/en/hotels/thailand/pattaya/melia-pattaya/rooms,melia.com,Room types and descriptions,2026-05-12
8,Official Reviews — melia.com,https://www.melia.com/en/hotels/thailand/pattaya/melia-pattaya/reviews,melia.com,Direct guest feedback,2026-05-12
9,Facebook — MeliaPattayaHotel,https://www.facebook.com/MeliaPattayaHotel/,Facebook,Social presence / 17K followers,2026-05-12
10,Instagram — meliapattayahotel,https://www.instagram.com/meliapattayahotel/,Instagram,Social presence / 6697 followers / 211 posts,2026-05-12
11,The Beat Asia — Opening,https://thebeat.asia/bangkok/nomads/stay/melia-pattaya-hotel-opening,Editorial,Opening date / launch features,2026-05-12
12,Travel Weekly — Hotel Review,https://travelweekly.com.au/hotel-review-melia-pattaya-thailand/,Editorial,In-depth editorial review,2026-05-12
13,iTravelBlog — Meliá Pattaya,https://en.itravelblog.net/melia-pattaya-hotel/,Editorial,Detailed feature review,2026-05-12
14,BW Hotelier — The Level Launch,https://www.bwhotelier.com/article/new-melia-pattaya-hotel-launches-the-level-567265,Trade Press,The Level premium concept,2026-05-12
15,Hospitality Interiors — The Level,https://www.hospitality-interiors.net/news/melia-pattaya-hotel-launches-the-level/,Trade Press,The Level design and features,2026-05-12
16,Happy Hour Asia — The Level,https://happyhourasia.com/melia-pattaya-hotel-launches-premium-stays-club-room-concept-the-level/,Editorial,The Level pricing context,2026-05-12
17,KAYAK — Hilton Pattaya,https://www.kayak.com/Pattaya-Hotels-Hilton-Pattaya.341113.ksp,KAYAK,Competitor rates ($199-$372),2026-05-12
18,KAYAK — Avani Pattaya Resort,https://www.kayak.com/Pattaya-Hotels-Avani-Pattaya-Resort.44757.ksp,KAYAK,Competitor rates ($110-$165),2026-05-12
19,Balcony Media Group — Meliá Pattaya,https://balconymediagroup.com/clients/melia-pattaya/,PR Agency,Media and PR context,2026-05-12
20,Hootsuite — Meliá Social Strategy,https://www.hootsuite.com/resources/melia-inbox,Hootsuite,Corporate social media automation context,2026-05-12
21,TripAdvisor — Now the best hotel in Pattaya (review),https://www.tripadvisor.com/ShowUserReviews-g293919-d32730129-r1047136994-Melia_Pattaya_Hotel-Pattaya_Chonburi_Province.html,TripAdvisor,Guest review sample,2026-05-12
22,TripAdvisor — You need to go here (review),https://www.tripadvisor.com/ShowUserReviews-g293919-d32730129-r1038174769-Melia_Pattaya_Hotel-Pattaya_Chonburi_Province.html,TripAdvisor,Guest review sample,2026-05-12
23,TripAdvisor — Great place for family (review),https://www.tripadvisor.com/ShowUserReviews-g293919-d32730129-r1032335868-Melia_Pattaya_Hotel-Pattaya_Chonburi_Province.html,TripAdvisor,Guest review sample,2026-05-12
